objectId,period[d],period_up_err,period_low_err,stat_signif[%]
36,46.0352169409598,46.0103500865868,46.0339099403959,90
43,298.730395817774,284.666899255132,18.5245837892342,86
45,401.606425702811,78.8747523865865,27.6751852146899,89
47,218.698742482231,15.924932554579,20.125590996406,99
51,224.719101123595,182.844606432091,83.7107610438578,91
78,401.606425702811,193.561490021399,31.1193192438255,97
83,212.992545260916,197.806650351316,211.532961869398,71
116,231.08030040439,232.873825798884,137.816278314643,80
149,298.730395817774,105.185578067267,9.43822380223543,87
156,224.719101123595,156.660077730309,196.535236622962,72
204,144.927536231884,131.014261307149,54.4144961227248,75
217,298.730395817774,53.5172169639244,35.8598585202889,91
221,401.606425702811,56.7703746908588,18.4043113782496,77
232,133.111480865224,29.3592331150314,105.385143053794,79
234,22.4064530584808,22.406452299822,22.4062972131225,89
248,401.606425702811,53.8684611714272,6.76192140935029,94
260,278.357689631176,31.7733737207583,13.2668588770482,99
261,401.606425702811,60.0126093786368,16.0635331746822,73
269,252.525252525252,61.6282340523994,26.9741488354923,82
290,28.4111087435187,26.9577080304881,23.5634555461519,99
303,0,0,0,92
335,252.525252525252,249.063471987212,9.66926427940757,70
341,278.357689631176,72.5406371573644,68.4358038889689,73
355,172.488141440276,9.80919862185792,20.4558056826058,76
393,22.4681233499972,22.4680376163127,22.4681115963906,97
413,25.8064516129032,25.7628626863678,25.8056763253339,98
424,28.7108814240597,28.708807795704,28.7088382727377,89
458,212.992545260916,163.024705440455,49.8026855330662,71
499,224.719101123595,168.081240574199,81.1296197727228,80
511,422.386483632524,50.1444057493017,9.93856511615155,73
524,310.077519379845,494.176422397284,17.5480030149729,78
570,401.606425702811,351.982485925536,28.3380872775558,90
623,401.606425702811,53.3712237370793,11.3009885773048,79
628,224.719101123595,22.3115415911015,91.8557737002909,75
637,278.357689631176,18.2544667828186,5.17723266008574,83
663,278.357689631176,39.8969980441505,17.9310290788113,91
678,47.6474091721262,47.0808455058022,47.6436381095615,87
747,218.698742482231,200.569550696828,46.005943290315,85
750,0,0,0,98
782,218.698742482231,134.185048452482,9.98448415382782,93
810,168.918918918919,98.948360041158,168.326810587285,95
815,207.576543850545,52.6275534039075,28.5995737850888,97
847,298.730395817774,50.5726325218113,15.5671084553071,71
856,401.606425702811,52.5177000302946,11.483154274886,96
874,244.947948560931,40.3342816258412,13.0007787051238,73
875,218.698742482231,114.404712318761,54.2460667512761,90
912,401.606425702811,16.5232288894705,9.15258317892193,76
914,244.947948560931,258.027220253308,239.989680970634,97
934,0,0,0,81
937,237.812128418549,241.867737583696,14.8070501295815,73
950,207.576543850545,137.573133595978,172.916534324183,97
955,322.32070910556,29.8906076902041,18.1140029530135,86
965,252.525252525252,64.2694896107776,8.30939557771399,80
991,212.992545260916,146.83533152606,33.8954740414492,87
1003,231.08030040439,224.165156358808,35.5589406557598,89
1006,298.730395817774,290.685163481964,15.579662500473,97
1021,288.184438040346,31.7784753962558,14.5660851465822,83
1081,298.730395817774,1592.64005735869,280.835098817796,78
1092,0,0,0,76
1133,401.606425702811,43.1325693536997,19.3808653825838,92
1146,218.698742482231,50.3356481163549,30.6701097651733,94
1148,310.077519379845,26.4503101308574,16.669182260079,88
1226,207.576543850545,78.9742636116713,195.404076200818,71
1227,298.730395817774,43.3903622799147,17.8916410498525,89
1235,150.262960180315,35.6157079557133,133.553177234217,72
1236,310.077519379845,115.807353596273,21.2422640541081,81
1242,401.606425702811,60.020103802171,13.5885354281686,100
1260,207.576543850545,12.7742076889299,7.8165416751286,92
1301,401.606425702811,38.8583178444604,13.5507885144146,79
1303,401.606425702811,42.8085090617809,20.3173023811784,95
1323,33.5486035393776,33.5486004662251,33.5483923254052,82
1324,445.43429844098,-1,-1,99
1336,298.730395817774,282.066750946197,19.5792780882368,89
1356,288.184438040346,41.9458622012849,14.4443266845778,100
1358,422.386483632524,62.2452881982973,18.6219284107958,75
1412,401.606425702811,56.8324701143352,13.8650248306458,99
1437,298.730395817774,298.705991542863,50.4581560299856,84
1478,298.730395817774,4534.92698974243,13.4297638729311,84
1500,401.606425702811,66.475481957106,20.3094912933147,100
1519,422.386483632524,65.367367639564,15.8576625344919,87
1560,12.5718955275481,12.5718871287902,12.5715117409183,78
1653,422.386483632524,62.96480425666,21.4985373037315,82
1691,298.730395817774,172.788393161597,20.0737979758705,72
1720,269.179004037685,223.648344595039,17.4649357538246,95
1773,29.9760191846522,29.9758552893509,29.9757401790409,84
1809,298.730395817774,103.337978799254,11.8945424773693,71
1826,298.730395817774,3.08691877349378,15.3715281161108,82
1837,31.8471337579617,31.8468337002451,31.8471077074132,79
1879,35.5966895078757,35.5960471072477,35.5966161135644,72
1904,224.719101123595,966.929771524721,51.4606747787601,72
1942,422.386483632524,46.7391892850505,43.6661076579203,81
2063,278.357689631176,112.903672574407,49.8590623848174,77
2084,310.077519379845,49.4832927703613,10.8648388777509,100
2203,25.0925286995797,25.0914820352852,25.0924081879275,92
2250,269.179004037685,64.2765700830508,45.8958096333769,89
2253,401.606425702811,53.0553067346378,21.1718306607808,92
2258,0,0,0,76
2299,218.698742482231,86.5444777337918,27.7381785662211,79
2314,382.775119617225,31.9876105135548,21.4709608576821,86
2400,252.525252525252,242.270047076513,10.9221953316222,81
2432,37.9110984740782,37.9108768096732,37.9078427412368,83
2449,23.6392648188641,23.6392288423729,23.6392041661384,79
2474,150.262960180315,17.4387502909957,116.220632067583,71
2491,49.6770988574267,49.5531492707107,47.7218897167506,70
2494,260.586319218241,10.320068024158,26.2378876566569,72
2567,335.570469798658,24.6670725850685,45.4910899845364,91
2621,288.184438040346,28.8599429231769,14.8087205721024,83
2675,218.698742482231,213.819164378161,20.2922271718669,82
2771,260.586319218241,20.8414252658268,18.9922369040652,76
2775,298.730395817774,154.813994037744,20.363507773303,75
2784,310.077519379845,28.4935986342142,5.2734356064492,82
2847,244.947948560931,7223.02294024643,177.30963797674,74
2852,401.606425702811,65.049474198138,13.6512909767224,89
2870,322.32070910556,38.6737036780016,13.8588542621782,88
2907,278.357689631176,19.9114468301409,87.7683447676642,98
2935,207.576543850545,207.120580591313,170.834542720605,77
3007,224.719101123595,1519.85461647821,163.628756659783,97
3030,269.179004037685,165.736374113199,102.116647765155,80
3138,252.525252525252,28.9522560726417,176.803506618634,94
3140,97.9671809943668,49.6096387468161,97.6417423395723,92
3141,278.357689631176,273.618166673642,14.5619794437551,84
3151,39.1849529780564,39.182111876519,36.9806968869975,100
3201,298.730395817774,277.574749076177,22.1021409371721,87
3210,278.357689631176,212.871382184979,24.638847919056,76
3275,40.7497962510187,40.7496773166795,40.749531103249,80
3276,401.606425702811,36.3945772890151,22.4092866468247,82
3283,310.077519379845,7.05362356987513,112.320657211275,97
3298,310.077519379845,153.780848459978,8.45948080792562,91
3339,231.08030040439,234.4600132513,43.3428048037065,75
3341,278.357689631176,233.51585421976,262.359380311275,95
3357,14.2633005277421,14.2632945854567,14.2632711960039,95
3409,269.179004037685,71.0770121160968,22.0280815928985,72
3498,288.184438040346,209.227923274376,215.083067571136,86
3532,288.184438040346,259.428879916336,39.5699848416436,97
3538,252.525252525252,45.6027759988398,84.6716913401763,92
3545,224.719101123595,52.0645795396783,10.5876578284952,96
3568,401.606425702811,16.6549303096331,12.7573129239754,81
3619,19.7024923652842,19.7024871496889,19.7020317826602,93
3653,422.386483632524,49.7039978484351,32.1785066705352,70
3710,38.26652635607,38.2665042818383,38.2651288558154,95
3713,322.32070910556,33.4699550212642,85.2931690679538,86
3731,260.586319218241,89.4026621208161,19.7604191440464,89
3823,260.586319218241,181.315979964419,103.669952612697,93
3833,298.730395817774,34.7810706232169,18.5971769412012,73
3838,278.357689631176,268.725039047556,127.524733604582,84
3860,0,0,0,83
3866,116.076610562971,83.8649625043286,115.812809076613,82
3906,207.576543850545,100.357114775514,200.743689086708,91
3949,298.730395817774,172.438950674706,16.0307972257256,75
3972,310.077519379845,35.6181609181539,19.5154337459558,84
3991,16.1544364120996,16.153769417981,16.1544292897217,77
4033,401.606425702811,53.5276304265905,27.4237404899295,97
4049,92.4214417744916,88.9299333115465,91.7667988914791,85
4154,278.357689631176,267.332048309336,5.25538559285337,99
4163,197.530864197531,122.00523324495,66.4267236539457,99
4211,401.606425702811,51.9861016147884,12.8228408937509,92
4265,278.357689631176,29.7355088258911,179.290747885791,84
4303,401.606425702811,54.149136463754,11.1615673598018,79
4339,269.179004037685,230.038011926625,13.3751699172118,87
4437,0,0,0,73
4514,298.730395817774,33.3589878191165,15.7402738118414,72
4518,29.120559114735,29.1205498228941,29.1205525960648,79
4606,224.719101123595,185.822341729358,16.1642043051644,79
4613,335.570469798658,43.9649057696458,5.22870083482133,84
4641,244.947948560931,247.233829537581,188.304879296568,96
4737,212.992545260916,173.265069229221,10.604884959573,72
4795,445.43429844098,-1,-1,74
4865,142.399430402278,16.5853501377857,3.11643280081057,75
4961,25.0925286995797,25.0924024509953,25.0924971229937,73
4968,137.598899208806,135.958556533714,137.589446789474,97
4982,224.719101123595,193.06274780354,54.9339823968169,82
5120,422.386483632524,69.0981652947467,21.7530962021241,76
5122,102.907126318497,83.8137565761767,69.0589413041658,72
5153,27.8299589508105,27.8298299546725,27.8297586994564,94
5171,40.9542336439029,40.9534799444504,40.9461651252673,78
5213,231.08030040439,57.1183858992785,170.5456120247,89
5278,28.5103349964362,28.467052058365,28.3968497252482,80
5279,45.5217935586661,45.5217591900319,45.521571346635,88
5289,278.357689631176,267.455544586736,13.6174671973322,84
5294,0,0,0,92
5336,135.31799729364,122.266789006736,134.214127578731,98
5348,17.2830971310058,17.2830971009823,17.2830969201719,86
5356,310.077519379845,237.865819031235,23.8312825013383,72
5378,78.2472613458528,76.7554076541667,78.2221286238647,78
5420,202.429149797571,123.183086653186,8.65196294036866,98
5423,269.179004037685,268.590107881219,19.8551265171804,86
5456,252.525252525252,34.4339589509029,243.8295777045,96
5506,0,0,0,94
5554,401.606425702811,125.508169523621,8.9398383536581,96
5638,184.162062615101,11.3183411158224,13.0754240438674,70
5655,212.992545260916,179.08804216533,8.14484689402835,96
5663,202.429149797571,189.435799532441,10.155281113648,76
5711,422.386483632524,41.0380718870474,15.6027548811289,76
5747,260.586319218241,120.773184742239,19.4210479515877,87
5752,422.386483632524,44.9577121413752,12.8874252394851,83
5802,29.9760191846522,29.9760069390082,29.9758392989141,91
5846,382.775119617225,64.5855978070167,12.5230811256017,78
5880,25.5640058797213,25.5639692866547,25.5638350529228,90
5896,176.211453744493,63.027032041029,63.1880109058497,80
5913,218.698742482231,191.513503580934,39.6658064718895,82
5926,335.570469798658,23.8668049659665,215.396556062327,71
5933,269.179004037685,44.5545960995826,15.0159242060136,79
5939,288.184438040346,168.105657935074,17.1885051594668,100
5956,322.32070910556,37.3888816024833,11.5181737811342,94
5967,422.386483632524,62.4339161795139,25.5535745230399,94
6013,288.184438040346,31.810419567201,154.847667292233,85
6028,35.2889280988089,35.2879288660931,35.2888736083851,96
6067,197.530864197531,3.44830931961411,9.55391612081471,94
6084,218.698742482231,81.7818357334801,33.8783073459042,88
6118,224.719101123595,224.712170239418,22.8375583110524,95
6127,218.698742482231,171.056391805677,16.3236632811584,75
6150,422.386483632524,38.3460408271429,24.5271361451428,70
6170,401.606425702811,48.3174177258343,13.4971221446945,90
6186,0,0,0,96
6187,269.179004037685,258.936625264666,99.0593884093199,92
6194,55.4093364731956,54.8546839935765,55.3645252520232,96
6202,26.5621887243508,26.5621872983381,26.5621875474774,91
6219,310.077519379845,39.3484655337069,282.517410843055,89
6246,0,0,0,72
6255,401.606425702811,397.095646013069,19.3793580816023,81
6287,212.992545260916,128.981203574245,8.63340956663745,89
6299,278.357689631176,161.977719365439,48.6008032121475,82
6375,27.7354042435168,27.7353416580768,27.726241436777,83
6449,244.947948560931,231.335474476519,242.713919200186,97
6480,335.570469798658,11.1113270028418,18.6033218104654,95
6488,156.00624024961,63.7569435853135,82.4741477123113,73
6500,32.0975766329642,32.0926199585905,32.086157142989,99
6502,278.357689631176,175.718303782113,14.6043060371487,97
6517,0,0,0,91
6545,0,0,0,97
6566,288.184438040346,42.8898540771438,45.8497220943225,98
6579,288.184438040346,22.178030610103,25.4046879772138,81
6586,269.179004037685,30.8137569310919,59.9113040515108,100
6629,244.947948560931,238.223346919829,244.531491405016,81
6699,288.184438040346,34.1907223446857,12.9518477897548,83
6719,322.32070910556,24.6542255192543,24.9137408100545,78
6721,244.947948560931,244.946977131556,67.176782858441,71
6728,28.6102567770545,28.610153367395,28.6101806101983,94
6755,260.586319218241,166.507756038249,22.0788747658966,77
6760,31.6005688102385,31.6005571758596,31.5987691873197,73
6775,231.08030040439,110.047272596176,55.5508114864805,98
6883,202.429149797571,12.4037455663781,7.00065748544239,85
6907,116.076610562971,108.762721767015,96.4557594998051,81
6938,252.525252525252,249.75240757196,19.5478104630635,76
6946,278.357689631176,3.15456207829067,160.079382979776,99
6965,79.7766254487434,69.8682163509794,76.5656097534965,97
6988,31.971864759012,31.9678441553636,31.9683687917334,84
7008,322.32070910556,34.9859315507089,14.706408350252,95
7022,252.525252525252,194.96494758916,249.293477578415,99
7075,298.730395817774,61.2178339043442,11.2203879631511,88
7093,231.08030040439,17.4857494614057,10.3258424833476,72
7122,28.4111087435187,28.4107828767317,28.387580541539,99
7129,269.179004037685,129.069345029448,63.5438222998953,93
7178,180.099054479964,56.2860540799337,123.78685257295,71
7219,224.719101123595,114.02059081832,26.4220309714774,89
7317,401.606425702811,43.1980580875684,15.9670176985626,79
7382,150.262960180315,2.21440534515585,149.191550444124,87
7425,81.3669650122049,77.331340905975,19.2754893564403,72
7446,422.386483632524,69.7818419840656,10.6914892639202,79
7453,218.698742482231,208.021586718655,6.73151610362874,82
7529,310.077519379845,35.9509416679034,16.4400525015335,85
7588,231.08030040439,205.609112573737,44.8507928478368,79
7590,224.719101123595,284.087651091657,11.62333959055,91
7592,52.219321148825,52.2101271479616,51.9996893113698,75
7656,150.262960180315,150.263843151507,85.545128725709,83
7668,244.947948560931,27.4295513653349,93.8497877427823,87
7739,260.586319218241,226.31511506529,216.794008104435,78
7741,401.606425702811,55.4299713720881,19.647019673809,87
7748,422.386483632524,46.7543212630077,7.06393647555387,100
7759,224.719101123595,224.578311316388,35.8834788890645,88
7769,445.43429844098,-1,-1,83
7825,401.606425702811,278.172792750321,24.729321197621,76
7925,237.812128418549,237.812133309222,41.7923617240846,80
7928,288.184438040346,127.751338175586,9.08865197707985,71
7962,278.357689631176,259.707240199445,3.91457767689474,83
7977,422.386483632524,56.8309788041337,213.205579092784,81
7978,310.077519379845,35.1507789990646,13.4617044980078,76
7991,231.08030040439,224.285673554271,16.2575112115997,97
8009,188.412623645784,10.8656480612711,7.90650255464433,99
8080,260.586319218241,252.840179109244,25.4529602220354,89
8224,0,0,0,84
8284,401.606425702811,51.1150134241933,13.7880778470516,82
8296,322.32070910556,34.6070735313425,2.88175436443476,98
8319,0,0,0,73
8343,224.719101123595,311.546579216814,74.5322551783831,98
8360,422.386483632524,51.9072607104472,19.7784635264415,75
8382,202.429149797571,113.191054486438,15.8787422157718,72
8403,422.386483632524,32.6603857926076,7.27006603080002,93
8413,422.386483632524,42.4241043081973,4.51700101603632,84
8473,168.918918918919,167.873948069657,84.2477320333775,87
8475,445.43429844098,-1,-1,86
8549,322.32070910556,37.5972453451433,12.6879778246742,78
8572,422.386483632524,54.3962118443518,23.2454842834783,99
8607,260.586319218241,243.745942495044,16.6769665474519,86
8629,269.179004037685,242.234059891251,52.384653874389,95
8694,401.606425702811,72.0538515921489,12.9813058714323,80
8700,202.429149797571,45.6817820979895,8.63127537608344,94
8707,24.3442273750836,24.3439078814786,24.3415291149054,93
8728,401.606425702811,225.646171572088,13.7465739321918,92
8763,70.7839320474251,70.0660669737931,58.9810418239929,79
8777,184.162062615101,182.535944525484,180.095917231732,72
8836,310.077519379845,2.66105838205755,17.683061534771,88
8884,137.598899208806,100.676885642005,136.438109820656,80
8917,218.698742482231,73.1388262423517,19.0601959924781,97
8919,218.698742482231,55.3590588533057,30.452709308955,91
8982,121.248863291906,32.9886088984865,17.7097812135174,89
9011,28.4111087435187,28.4110868728159,28.411087537633,99
9017,224.719101123595,224.648969094567,70.3868469542171,99
9022,32.7412621756568,32.7409976147537,32.740648290011,90
9040,212.992545260916,206.682656657657,46.7708582055703,80
9080,322.32070910556,31.879697944098,21.9809364116312,80
9083,422.386483632524,49.5363692059657,9.3957615056442,71
9093,35.7525920629245,35.743960233199,35.7524343478079,93
9121,168.918918918919,16.2968449352733,107.540204903339,81
9134,231.08030040439,277.053370697194,14.0602696699347,98
9147,349.956255468066,21.9879955235944,7.47251095550456,100
9236,26.9124672004305,10.2677974263375,26.5487744525179,96
9247,172.488141440276,8.78475375336797,164.979142201941,81
9324,252.525252525252,25.644043558581,26.0078319845145,76
9329,244.947948560931,53.5702475943463,13.600969471249,91
9338,0,0,0,87
9344,51.5596803299819,51.4720134203934,51.4791615226864,72
9370,22.6551880380607,22.6550784403028,22.6551778284263,98
9375,46.2962962962962,46.2940896296641,46.2962800862478,82
9393,401.606425702811,38.3969111579957,22.1270245513825,75
9469,0,0,0,85
9616,27.3635244219455,27.3621592066381,27.3274599328991,94
9633,150.262960180315,137.105633336431,16.8554625005117,98
9642,401.606425702811,207.461859479267,16.9151299314944,94
9675,188.412623645784,18.596386740042,20.9045737921429,96
9723,19.3292741857543,19.3292342157305,19.32927107891,84
9791,422.386483632524,67.7363670880717,30.9735189341896,93
9805,322.32070910556,30.5122587064483,12.2963235730607,77
9838,260.586319218241,12.1319866130948,144.096433847349,88
9896,422.386483632524,71.9972629849221,27.782653022229,78
9940,401.606425702811,54.7929260258645,21.9899165356068,96
9963,106.951871657754,102.608834710591,52.5104665967192,100
9977,269.179004037685,205.977341898915,76.3671017233747,91
10045,207.576543850545,247.05958108744,181.785312501671,82
10090,288.184438040346,66.9468244878385,15.0644469876629,70
10091,231.08030040439,225.27973188407,60.9115025968805,87
10151,401.606425702811,77.153312738535,18.5813223512229,88
10153,310.077519379845,100.30423383166,14.5765768151032,97
10170,34.3967667039298,34.3967584762427,34.3965355504042,81
10224,36.5530476103445,36.5524558039219,36.550765282604,83
10271,310.077519379845,31.8843079651663,16.1656814213733,93
10316,349.956255468066,24.2217536893384,25.4997317290316,72
10329,16.9247694000169,16.9237275885965,16.9247448392475,100
10365,401.606425702811,51.2949936523225,26.6017764019563,82
10377,26.7361807365817,26.5426202765336,26.2882089617686,76
10412,252.525252525252,19.2858144515116,19.2403440350809,90
10443,224.719101123595,563.24631285926,11.2207430143618,99
10448,25.4048904414099,25.4048222710408,25.4048453248187,83
10460,260.586319218241,95.587665681097,24.3968865807221,90
10490,422.386483632524,25.5324810707238,30.108026386371,89
10519,0,0,0,98
10553,32.7412621756568,32.7412572819047,32.7412564130103,97
10558,244.947948560931,142.904409863873,208.412460222493,81
10573,322.32070910556,27.5946388566125,3.23601928741084,96
10581,224.719101123595,89.7802422413657,29.7020305193737,73
10592,46.8274408803558,46.8169515262709,46.8273526145426,82
10608,244.947948560931,180.376020108514,36.5611711504691,71
10648,207.576543850545,201.584043030222,13.2812381904915,84
10662,172.488141440276,53.7782853975408,14.7262176139086,87
10666,278.357689631176,275.934329058712,32.9066412414983,88
10676,224.719101123595,178.690654968395,25.7740597525688,94
10678,212.992545260916,70.1259411934104,99.1187031046441,100
10711,260.586319218241,8.44967002014573,16.1834613523409,83
10771,401.606425702811,56.5670313396772,18.4166721396258,93
10783,218.698742482231,27.6905032076598,4.70519375832416,80
10810,38.4467512495194,38.445366117572,38.4455297234442,86
10814,252.525252525252,114.507284825051,23.6959626659254,76
10855,0,0,0,80
11023,33.1400165700082,33.0902077184739,33.1375690901286,71
11227,382.775119617225,53.2245798796636,8.92172525442663,89
11228,322.32070910556,40.0250694493632,18.0382836808853,77
11311,0,0,0,82
11324,156.00624024961,23.4776263493458,32.0801512007867,91
11328,244.947948560931,25.7292581034521,4.78109320347096,100
11397,0,0,0,99
11450,322.32070910556,32.409426983322,18.1844797776162,76
11457,310.077519379845,32.5937688549891,14.5873146239643,76
11508,298.730395817774,43.335229082912,20.0337019528304,81
11530,231.08030040439,244.598269393351,31.0367389339466,73
11611,159.045725646123,125.935080840622,6.49609727158261,93
11647,401.606425702811,53.9871623825275,35.5466094296654,79
11676,197.530864197531,36.4937387279238,13.0163786712993,99
11686,252.525252525252,214.092511031054,87.4237945939816,81
11696,192.864030858245,33.0700024822716,13.0643466088511,76
11700,322.32070910556,22.5653034915343,5.6736549193634,95
11720,310.077519379845,35.9137378701836,16.8406731154809,72
11729,218.698742482231,17.4645794049272,116.626044338856,92
11781,269.179004037685,81.1391734600439,18.6610583738799,99
11813,252.525252525252,206.102980991808,252.214023134074,95
11833,401.606425702811,54.7803514371304,5.39462761552801,96
11939,382.775119617225,54.8041157622284,25.9639853721989,77
12081,212.992545260916,212.960976560585,11.8547770388609,77
12104,310.077519379845,43.4470610626585,29.8311366143382,85
12122,28.0210157618213,28.0209354263715,28.0209898431797,71
12123,422.386483632524,36.3594438764259,12.7862824320328,89
12168,298.730395817774,289.312289821963,9.57727954723396,84
12221,298.730395817774,183.580530148112,17.9221669236782,89
12255,108.371714982389,92.8358154375591,28.6892876950102,81
12267,260.586319218241,185.343774678601,261.894476576876,83
12288,156.00624024961,189.388860535844,97.5085357032508,89
12322,39.3739541293434,39.3702173348595,39.3737289447484,85
12350,298.730395817774,81.3692228758916,139.912206068855,83
12376,422.386483632524,131.689052413358,10.0936425418586,75
12396,33.5486035393776,33.5485947202561,33.5449889268727,74
12521,252.525252525252,2.98945246686429,48.2687169407064,92
12530,237.812128418549,256.405984981107,77.0324539458225,81
12542,445.43429844098,-1,-1,78
12587,252.525252525252,209.778889036397,381.066759176227,83
12704,260.586319218241,28.0907284855607,11.9095094876097,79
12716,422.386483632524,61.1829575141354,7.52403489894869,75
12800,260.586319218241,45.651063692134,207.630480766466,80
12836,269.179004037685,204.779385788575,16.8333728023391,88
12869,401.606425702811,59.7964403500597,19.9762707655104,72
12872,401.606425702811,53.5885191081414,1.62096451425418,80
13010,207.576543850545,33.8556225809939,204.247009465195,82
13017,335.570469798658,37.5426878971671,29.6616609614784,73
13021,237.812128418549,235.472060598821,97.9973759801129,74
13022,269.179004037685,193.884567528233,120.143090697892,84
13031,288.184438040346,927.497884265918,15.3707994239061,79
13146,278.357689631176,181.416346497282,31.1083093943054,87
13206,237.812128418549,237.520270998712,169.721025678013,88
13232,231.08030040439,21.9466668871529,225.311134108868,79
13250,422.386483632524,55.3158407455734,9.40995003177295,71
13269,445.43429844098,-1,-1,85
13306,401.606425702811,55.9986463036379,10.3894462783481,85
13311,218.698742482231,104.294983735748,19.6422077833303,91
13331,260.586319218241,83.7736717228198,4.34440744475199,77
13352,401.606425702811,37.8446863760063,19.1702259443969,92
13384,401.606425702811,53.7153229814143,11.8397683453441,82
13438,401.606425702811,57.7675314986183,12.4291930355747,75
13499,322.32070910556,35.4657328289078,19.3372322336542,85
13512,310.077519379845,37.6471404448299,18.0935762985299,82
13592,18.7090739008419,18.7089915626345,18.7090431024578,75
13616,278.357689631176,3859.13640333703,27.6402366611453,91
13662,33.5486035393776,33.5482178076375,33.5485020010418,79
13672,252.525252525252,158.914400354672,9.67846405071316,87
13769,298.730395817774,506.525365458035,142.41913223193,77
13918,85.6347677156925,24.5229712448972,84.9700287765676,75
13969,34.986442753433,34.9841510744756,34.9824240510216,94
13977,269.179004037685,269.986157985292,9.11267990719165,99
13998,278.357689631176,275.699859819343,14.8000325682162,72
14009,180.099054479964,154.253176929447,47.3364751050424,97
14048,168.918918918919,6.56314446747402,0.0421348060193338,94
14054,252.525252525252,10.76165508684,7.63141078218177,77
14199,288.184438040346,118.876144640225,16.5780056481808,100
14216,335.570469798658,19.7727667542941,9.34764135419846,70
14221,298.730395817774,107.643138594266,16.7399495691514,80
14261,269.179004037685,284.94625082104,25.4811013608027,72
14307,237.812128418549,241.865602053546,36.8536964530287,96
14320,153.080750095675,6.58764054064238,16.8025769539958,96
14321,156.00624024961,99.460127116775,0.353751099354128,75
14428,288.184438040346,229.789779035995,11.7436463086726,92
14474,322.32070910556,23.0745732998533,14.0353454914278,74
14479,252.525252525252,130.276218912336,24.3840344072717,85
14550,218.698742482231,38.0732551960462,12.2828654180238,95
14655,202.429149797571,13.5386508336492,9.20342087471488,94
14704,349.956255468066,41.2010365891616,17.500477907824,71
14739,401.606425702811,54.1710618277608,16.4843870298533,71
14746,401.606425702811,43.5949333259246,29.4635629651913,90
14854,202.429149797571,202.627679063026,76.1537957926799,87
14858,0,0,0,80
14891,288.184438040346,143.546246194753,18.8979342697625,93
14981,269.179004037685,222.860942495695,15.9752656192193,77
15003,401.606425702811,55.9804709509681,31.891133471196,73
15087,0,0,0,99
15134,202.429149797571,201.784561219827,28.420653542732,85
15146,218.698742482231,18.1320233788941,209.659750710247,100
15202,197.530864197531,172.729166935558,10.4087607697355,89
15231,269.179004037685,15.9412942981718,242.943977462423,96
15365,0,0,0,96
15389,288.184438040346,219.569837627099,19.1031640328916,87
15416,278.357689631176,18.6558043887833,194.867886655074,92
15430,349.956255468066,32.3645277972241,29.6820896286084,85
15470,30.8832612723903,30.8774871118171,30.8805673262214,94
15482,244.947948560931,193.816535032293,8.89940919202851,73
15492,310.077519379845,7.17374990499798,17.0554160306486,91
15539,218.698742482231,67.2813165148614,13.5481085180163,93
15598,310.077519379845,34.7807858429341,270.894762073559,80
15599,244.947948560931,24.9349153430709,25.319037131392,70
15612,25.0156347717323,25.0154999709978,25.0156337219259,80
15624,59.0144585423428,53.0693422525139,54.433894841226,100
15646,47.927150730889,47.9227244253108,47.3889806896313,74
15671,218.698742482231,133.227729431878,40.4822124925749,96
15698,288.184438040346,70.2737026539995,14.2585955130771,81
15821,27.0910938029122,27.0910566939306,27.0910796843315,86
15918,298.730395817774,169.467719097277,15.2778431597397,75
15941,288.184438040346,31.0961108700498,14.0621197010691,79
15952,322.32070910556,392.206309373587,21.0640926322579,85
16039,260.586319218241,28.836623739718,17.6707896291594,95
16134,224.719101123595,224.799065892249,14.096981675812,94
16227,422.386483632524,35.3369720198139,10.1726710997838,100
16292,260.586319218241,18.7397657094983,19.7358730348531,73
16369,310.077519379845,40.0959573922696,18.9175092511844,96
16482,231.08030040439,193.418884496851,121.671726494355,70
16488,269.179004037685,19.5760982319173,96.7622545582589,89
16549,269.179004037685,141.755984260404,44.3267296667092,90
16553,252.525252525252,252.505075876186,24.960523982293,88
16573,288.184438040346,62.7339293630525,276.150259014687,96
16600,422.386483632524,45.3596884415737,26.88000904689,83
16602,212.992545260916,3.65080756553286,191.10883619924,91
16617,382.775119617225,52.7170453282344,16.4124154028233,94
16640,269.179004037685,269.290928986324,16.5016329483013,73
16658,244.947948560931,61.0245383630246,33.9059061114966,94
16781,278.357689631176,115.680441973648,17.780595590207,82
16799,269.179004037685,186.607625870546,71.3983593986975,97
16891,260.586319218241,8.92838125736108,15.1653385498812,86
16968,401.606425702811,58.9841327324969,15.2895848359087,98
17026,35.1370344342937,35.1370238475479,35.1367003742754,91
17112,288.184438040346,166.202108112787,14.5616115814401,70
17114,224.719101123595,238.892565392032,11.1163132717909,82
17274,260.586319218241,201.985776884276,156.495844483376,97
17286,130.975769482646,24.4557586635814,30.6403885028258,100
17316,224.719101123595,217.379865079585,51.3268983692365,89
17363,202.429149797571,201.840434914713,11.5327085167551,77
17383,231.08030040439,512.468173708161,11.2850994035807,72
17391,20.2901491325961,20.290111790383,20.2900604101587,97
17486,422.386483632524,64.4053427627671,30.5242777411486,84
17528,298.730395817774,634.46849597981,15.4579951399882,80
17535,422.386483632524,225.780718245564,11.3793919169862,84
17592,212.992545260916,158.602499086631,143.95315181234,75
17638,401.606425702811,66.7567361679875,20.9336126977312,72
17661,207.576543850545,205.321777506642,194.354838745845,70
17760,38.0879832412873,38.0879686002135,38.087458133761,75
17827,212.992545260916,50.9886078951345,10.229130049044,91
17843,422.386483632524,49.871823864425,24.4614106374554,92
17877,0,0,0,82
17881,401.606425702811,43.3067707236754,13.0546086006527,93
17892,33.4112930170397,33.4100703330836,33.41115193604,76
17917,244.947948560931,180.678396631066,44.2620034912089,100
17927,218.698742482231,146.665496679224,92.8644679426084,72
17958,269.179004037685,85.1676244915794,62.1873401523237,82
18017,269.179004037685,86.6134753003957,35.4469146122963,95
18063,260.586319218241,189.518345851492,93.1809220840711,99
18067,43.8116100766702,43.8112551177347,43.8102480870147,73
18075,288.184438040346,27.8427036124499,41.5749094605586,88
18104,278.357689631176,65.6762570687129,76.3617310969475,80
18119,0,0,0,81
18148,288.184438040346,241.586271480441,21.3465865548893,92
18270,18.4552920549967,18.4552719034452,18.4552887112691,70
18288,212.992545260916,210.105118105118,42.0595866527157,79
18299,224.719101123595,31.2344345607823,9.74739565779686,74
18345,35.5966895078757,35.5966180389676,35.5960322340481,98
18370,252.525252525252,13.1203286904099,34.5804437913341,89
18387,278.357689631176,166.302386994294,268.277148602893,81
18514,335.570469798658,22.0004529205756,19.4735587247742,84
18617,184.162062615101,38.1214592429391,124.854564933693,99
18684,422.386483632524,61.0477839204794,12.7643527718942,93
18738,0,0,0,85
18760,298.730395817774,191.307604781104,35.7595694407493,72
18773,237.812128418549,231.053596879903,88.5426612796292,90
18776,252.525252525252,38.7893334998511,27.9006933107672,93
18820,310.077519379845,35.5149063767553,9.79750545977868,75
18908,269.179004037685,50.9973456586848,127.226552088446,98
18951,401.606425702811,64.6411761833884,18.6654791893091,92
18968,269.179004037685,34.7798273778148,3.74320756754781,76
18977,349.956255468066,26.5797848207665,25.1390204267516,73
18998,22.5301340542976,22.5301337137439,22.5300794487517,91
19036,224.719101123595,197.255240299176,10.8020165665606,74
19138,260.586319218241,147.175355424843,14.3942486552874,95
19139,401.606425702811,33.1429693924596,25.6310439478063,94
19159,288.184438040346,156.184342002576,18.5792236382125,89
19222,38.6286817962336,38.6242356398677,38.6268144879979,99
19229,165.494414563508,96.4368295180729,6.00367913069141,80
19257,33.0060235993068,33.0052271078503,33.0060170612578,98
19292,224.719101123595,200.578604683241,105.518075020568,92
19306,40.9542336439029,40.9542314741021,40.9485520551521,87
19342,322.32070910556,58.9003501909551,31.3167097208098,90
19355,252.525252525252,57.1454382855082,227.016964277591,96
19404,0,0,0,87
19406,288.184438040346,59.3076067542897,37.4972903933195,92
19416,278.357689631176,258.064839949831,174.415025209881,82
19427,147.547030616009,144.972479570766,98.1992699327485,100
19449,269.179004037685,133.330686918457,238.79517475242,93
19470,422.386483632524,49.208679311703,27.841206761081,77
19485,278.357689631176,38.853224057541,153.491166028806,71
19500,288.184438040346,274.935859221296,13.0929357970707,74
19531,335.570469798658,32.3876477406255,28.2084213242985,82
19541,212.992545260916,2328.18897522549,44.6543736396233,98
19576,237.812128418549,262.316882329343,13.5426598633413,93
19587,310.077519379845,11.2747027335517,67.1406572483984,97
19713,269.179004037685,31.7010252773166,19.0057769499324,74
19727,224.719101123595,11.8733830032236,13.8295602856611,93
19768,212.992545260916,208.595152129931,208.849588728231,74
19809,70.1754385964911,70.3845221408297,70.0869620434271,100
19839,298.730395817774,201.29104424708,14.2182078513227,92
19859,218.698742482231,100.81753854895,2.71151987854648,96
19864,244.947948560931,244.725837014909,190.000075828952,98
19893,349.956255468066,45.8067903518275,8.19565690493863,86
19905,401.606425702811,52.1169305823806,23.8772172945666,76
19927,244.947948560931,20.7540982898663,38.6120286145153,97
19936,202.429149797571,179.144357226864,171.692412927246,92
19949,260.586319218241,254.623538000956,163.530696686749,82
19978,244.947948560931,220.00031499096,10.1664296370152,73
20163,269.179004037685,215.188605475629,21.664228778702,82
20164,252.525252525252,139.275193457999,20.3268082188261,83
20286,0,0,0,82
20317,288.184438040346,108.737557078932,12.555551228038,99
20353,422.386483632524,59.3728211419439,22.4212561364645,87
20385,269.179004037685,431.796463139651,97.9818893075124,97
20417,288.184438040346,246.47193234567,24.1561787694678,80
20441,445.43429844098,-1,-1,82
20445,44.0480123334434,44.0391254740265,44.0340876490547,97
20451,29.3298137556826,29.3297945299876,29.3298097616274,87
20514,422.386483632524,59.5887440686222,9.60796320899192,94
20538,162.20600162206,10.0888072266526,23.6215976385987,85
20539,401.606425702811,57.8827518307571,59.5710374251906,96
20564,35.4421407052985,35.4420633663063,35.4411148822366,83
20630,28.812216379745,28.8122099692521,28.8121129703903,97
20645,260.586319218241,240.44112075351,19.7171877211225,98
20664,252.525252525252,186.461036720372,17.9886009690296,99
20680,197.530864197531,197.134973340177,4.91772128074524,82
20683,142.399430402278,68.0412538412037,101.319197002113,96
20740,119.4743130227,86.5038522884891,22.5625891258675,82
20776,445.43429844098,-1,-1,73
20815,142.399430402278,141.263207012005,38.3884338312467,81
20841,25.0925286995797,25.0847560875854,25.0738782062155,70
20852,298.730395817774,36.9537267370197,19.5576166792614,96
20897,252.525252525252,152.64610128362,75.338742832515,83
20995,298.730395817774,27.6665419281254,13.5205818745321,86
21044,212.992545260916,5.09084066266513,28.7305674684879,87
21080,25.3260731923515,25.3197079447042,25.3152194533531,70
21212,445.43429844098,-1,-1,81
21230,335.570469798658,36.050516559203,155.689065373599,75
21319,21.5773006796849,21.5768565655523,21.5764403219319,82
21440,218.698742482231,11.3970786568638,210.839293894891,94
21521,237.812128418549,237.809209941373,234.763965480861,79
21545,218.698742482231,16.2802958483464,101.791088867285,94
21548,288.184438040346,47.6451774867364,48.4873050502237,83
21560,237.812128418549,6.9932834403759,21.7169635437596,74
21571,46.5603538586893,46.5586328369009,46.4947637849158,90
21599,237.812128418549,23.2587695768064,160.592608321779,83
21712,298.730395817774,32.6942189117445,18.4844365528314,89
21724,82.1861516334497,79.3213143369935,72.8310271736086,83
21813,231.08030040439,42.2375553028602,24.3581321882568,99
21832,269.179004037685,514.070802280057,47.5897866394879,87
21842,207.576543850545,205.494410796528,11.1738409455621,95
21906,197.530864197531,151.115995212239,8.33028783665858,99
21981,212.992545260916,207.741520430963,27.296943898669,94
22016,218.698742482231,215.771111342594,81.2521546996637,81
22072,252.525252525252,163.371476029704,12.4543185528354,80
22200,24.5639891918447,24.5639823257866,24.563963769358,82
22356,0,0,0,75
22379,278.357689631176,276.161746835624,12.5213027345374,74
22382,237.812128418549,646.301342015603,210.603537592189,87
22418,202.429149797571,136.171664697727,9.54468153427607,95
22456,224.719101123595,44.0977494812223,153.468850521003,82
22509,224.719101123595,73.9397837383069,32.0472738159732,76
22519,278.357689631176,249.605553282829,22.678404094926,98
22536,278.357689631176,240.269509616678,52.4786165066656,86
22561,12.4000248000496,12.3999309509837,12.4000174817441,77
22658,19.8945588381577,19.8945488529401,19.8945398563228,75
22687,322.32070910556,34.5813279271341,17.1527345447867,97
22745,260.586319218241,259.975887231425,23.3724402873063,74
22747,192.864030858245,58.6964853108739,6.5548039937008,71
22753,159.045725646123,9.01799991114288,137.056845814153,85
22797,212.992545260916,184.718744515073,14.4905189583608,86
22910,159.045725646123,152.059106040986,8.55567896657615,83
22989,310.077519379845,32.4227674803115,14.8737779270385,100
23015,298.730395817774,66.8338589887311,17.3248574117586,89
23039,31.4787125206579,31.4781638031222,31.478661793952,84
23068,212.992545260916,209.723984753129,122.589662613089,82
23113,335.570469798658,25.3711327661571,20.0336100220944,84
23180,42.0079815164881,42.0079748007662,42.0079103486302,83
23241,0,0,0,81
23271,349.956255468066,17.8927454233317,48.0260517634993,79
23299,62.1600621600621,61.9721161725248,60.2968132205573,90
23348,0,0,0,70
23366,310.077519379845,8.61569531767475,31.3828897755192,74
23499,349.956255468066,24.3938151557185,28.4421541224581,99
23538,244.947948560931,525.487243382973,141.79594671457,77
23705,401.606425702811,259.14747102434,18.9476355397834,99
23736,202.429149797571,113.758269884204,27.7413040483082,84
23788,224.719101123595,224.081793817311,210.916315553387,73
23811,288.184438040346,21.1347343322188,12.5942180990929,79
23825,278.357689631176,212.477330709198,268.376625219968,70
23836,116.076610562971,114.586380445282,18.5277646222916,95
23861,224.719101123595,44.8793185025336,14.9534803724643,73
24081,288.184438040346,17.2929713713274,32.3070717208928,79
24136,288.184438040346,31.4830101978875,18.0547330047481,91
24145,0,0,0,84
24172,0,0,0,88
24200,322.32070910556,27.5891470682872,17.7611108399219,92
24214,24.6381275023098,24.6380953073019,24.6380863458566,76
24231,207.576543850545,65.3988639836303,47.6260593646711,91
24284,298.730395817774,117.179057428795,272.927282408406,81
24302,422.386483632524,43.0708787695208,20.7233021527131,89
24325,218.698742482231,124.63783150751,194.444648470114,75
24341,224.719101123595,277.692686324607,98.3410070744045,83
24381,231.08030040439,231.129342688487,9.55702493618313,96
24401,322.32070910556,27.3038137716659,12.9203673266597,72
24437,133.111480865224,84.8641612624114,123.908927701928,84
24487,192.864030858245,13.3542567582776,8.81306206060231,92
24511,202.429149797571,10.8917494867022,7.55538255836296,100
24627,269.179004037685,193.285013516716,55.866790785911,71
24680,310.077519379845,77.0368125798114,14.9135647084728,93
24685,212.992545260916,87.7107474535795,7.26770197704957,70
24759,335.570469798658,36.0479770386364,22.6022824033084,83
24777,244.947948560931,44.6223685809663,12.88231174188,80
24798,231.08030040439,47.5060164832216,9.90344386816901,86
24817,422.386483632524,41.7755818514077,62.9902112040531,97
24902,165.494414563508,70.1223297989544,5.67530145752005,78
24979,335.570469798658,38.1596234425788,22.0302396034884,79
24985,401.606425702811,61.9436840249687,17.5058305084196,88
25095,244.947948560931,206.78808323967,16.4943005237016,73
25146,322.32070910556,35.8951027501191,21.3964762560036,100
25203,224.719101123595,83.8571272670538,5.49901014691514,85
25312,445.43429844098,-1,-1,86
25365,322.32070910556,357.817049628774,26.170216086063,71
25366,322.32070910556,30.044904951553,5.99809425902669,79
25450,172.488141440276,10.9035857547552,44.0483302752726,85
25466,335.570469798658,125.684520984404,18.9064913792195,93
25520,322.32070910556,33.5883158270761,17.6678645536607,71
25530,119.4743130227,118.586324483287,9.71739764429483,83
25535,335.570469798658,29.3754428462502,14.9728958640426,85
25609,0,0,0,99
25671,422.386483632524,59.0691703235214,10.6292674190221,74
25681,252.525252525252,16.6204957934481,252.524448931137,99
25724,252.525252525252,231.514159842646,223.510499505285,74
25741,278.357689631176,49.4748722960093,15.4173981441437,97
25822,197.530864197531,30.4638325447433,110.028065157712,71
25874,244.947948560931,227.575352456755,206.192168775484,80
25958,401.606425702811,49.0977867567888,30.6983310412236,75
26007,202.429149797571,119.394850464279,9.96422203542855,78
26057,0,0,0,99
26064,224.719101123595,66.4266947180952,10.4145824198885,84
26097,29.7574765659872,29.7573851989881,29.7568340733624,93
26100,224.719101123595,181.10231730351,182.690648649018,92
26153,218.698742482231,154.150791603974,26.8292140296972,88
26216,288.184438040346,184.206547500369,18.8506788451705,86
26251,224.719101123595,176.796852427925,84.4084523284849,93
26293,298.730395817774,46.5074360416282,7.07194786368268,77
26299,207.576543850545,142.418360364415,9.0590900337312,94
26440,188.412623645784,188.500025758861,5.7207167644539,94
26463,269.179004037685,237.494311021408,13.4873965154992,94
26524,18.9259522119706,18.9256843671893,18.9259497822014,74
26553,278.357689631176,83.5687627351422,17.0585301596015,76
26614,269.179004037685,258.295140687336,17.6417673002089,83
26665,278.357689631176,111.217148086347,14.0569889764031,87
26679,288.184438040346,24.930221802175,56.3402918798257,71
26709,310.077519379845,310.218540677309,16.6267557491292,72
26754,288.184438040346,115.111454494966,36.4576047528146,81
26759,278.357689631176,11.7366917941599,40.7419389119365,74
26763,244.947948560931,57.6574604199486,48.759619433811,78
26895,224.719101123595,221.887278069596,84.1695751281874,72
26971,121.248863291906,2.68592000253739,68.7658394469368,100
27011,298.730395817774,32.2902862151397,5.95041049503715,99
27055,260.586319218241,246.272690197622,25.3818840361077,89
27127,322.32070910556,35.2642961894313,11.985927134285,73
27217,298.730395817774,55.2526808279781,44.5884617429314,90
27263,218.698742482231,161.597864278787,24.4399676041756,93
27307,159.045725646123,4.03322174284472,52.4383721890284,89
27355,401.606425702811,17.638796529183,2.02306240910121,86
27370,192.864030858245,175.792463749807,8.28311539682727,83
27378,401.606425702811,34.9374514540786,22.7292431476841,79
27391,288.184438040346,3.60965960911091,19.2728721089173,85
27449,322.32070910556,224.133377984041,20.3514636644139,93
27456,278.357689631176,4697.48207404161,13.8981992247952,74
27474,224.719101123595,96.7732739018667,11.2952314324633,70
27487,237.812128418549,237.874879408463,40.2983734174605,99
27496,218.698742482231,208.148213514877,215.614386112236,96
27508,422.386483632524,36.3716855323694,33.2988189264108,82
27568,116.076610562971,116.021274968948,100.860449109001,72
27592,298.730395817774,285.709708061231,18.1596172728086,71
27783,212.992545260916,106.405328501549,18.3202215129012,74
27784,288.184438040346,0.455825978682412,160.563719439213,98
27995,24.1283628905778,24.1283511081664,24.1262179367224,70
28016,180.099054479964,6.19416838602569,5.44180033286119,95
28034,269.179004037685,221.882350558054,12.9389472872832,88
28063,260.586319218241,197.139403270308,52.8581506338911,70
28154,278.357689631176,52.8010042458292,23.0620972576316,85
28174,278.357689631176,11.3788947678151,13.306907007788,94
28176,0,0,0,85
28235,288.184438040346,202.108288638596,20.1475480588862,88
28352,278.357689631176,15.4231819879066,210.370454279981,78
28406,298.730395817774,7.3908727019201,135.869984248061,72
28411,184.162062615101,9.76132615048709,1.36371233580758,78
28417,218.698742482231,50.8763228978896,69.3975329112078,71
28505,445.43429844098,-1,-1,93
28511,224.719101123595,187.10119637644,150.884565667842,82
28544,22.0434255483302,22.043424623056,22.0434240222483,91
28735,27.0014850816794,27.0014720892921,27.0014099456314,86
28845,237.812128418549,18.8877862149106,8.7313672044119,100
28899,0,0,0,91
28933,310.077519379845,141.753437263172,182.669966450656,81
29010,349.956255468066,8.75695952847519,7.21888638867466,100
29055,244.947948560931,266.154310044029,55.8477634640861,83
29093,252.525252525252,167.872872708165,181.171081943017,76
29164,61.6903146206045,61.6902589925827,61.6086738759008,79
29199,202.429149797571,35.2056891734408,8.66453734086389,72
29411,269.179004037685,28.0664590575162,269.010470304287,89
29489,269.179004037685,9.19623426070348,17.9469434053994,94
29585,0,0,0,87
29713,218.698742482231,49.9152901410315,12.9415003110931,83
29788,0,0,0,76
29803,24.19989110049,24.1998897994857,24.1997864410979,70
29836,237.812128418549,153.359425374345,227.721994230343,90
29848,335.570469798658,33.0269814680633,25.0451305330158,82
29947,26.5621887243508,26.5621616619066,26.5621758129976,90
29985,218.698742482231,198.035333426716,9.70401940813591,80
30079,260.586319218241,15.316786495508,239.902571686815,75
30118,322.32070910556,38.2454037952683,13.7202520940957,99
30194,298.730395817774,40.5079701832918,15.4725967152788,81
30254,27.0910938029122,27.0910496934016,27.0909354133488,73
30372,278.357689631176,33.9980296454386,13.7813102392723,92
30475,288.184438040346,287.2585816749,37.1118745329199,97
30487,322.32070910556,278.133057857256,152.081885786519,87
30491,269.179004037685,34.4674053810488,153.363344675528,98
30678,349.956255468066,33.3032088627056,10.754558323425,95
30733,212.992545260916,16.973590563457,12.9397888458712,100
30763,288.184438040346,45.7817260824519,16.5398504246975,96
30768,278.357689631176,26.3409431088542,67.7638518188175,93
30820,298.730395817774,37.8095598125776,40.2576784873929,81
30909,252.525252525252,33.7198686022203,7.18820129926115,71
30982,139.958012596221,144.261805329378,133.232975544384,93
31002,156.00624024961,76.3570688060733,7.38048520164966,98
31010,128.907508862391,8.61044398945106,42.6531167609611,86
31128,269.179004037685,269.179109378732,12.533360033949,85
31151,422.386483632524,269.301356536815,28.8839481777434,84
31175,335.570469798658,48.1082182809739,63.4087430871115,90
31194,422.386483632524,46.9597072304494,26.1268574698256,88
31266,23.7079184447605,23.7079087693773,23.7070048197696,96
31292,310.077519379845,37.0423333409258,30.5243936787198,91
31316,0,0,0,76
31366,89.3854748603351,123.014141140713,1.5351123947388,80
31516,24.3442273750836,24.3442263446013,24.3441520162806,86
31620,116.076610562971,88.4866043485749,87.209590795192,72
31621,176.211453744493,0.149435033618289,156.043977425282,84
31726,422.386483632524,54.0818270976263,20.5590477556487,91
31741,401.606425702811,33.2273558498621,35.2449277228982,97
31815,0,0,0,77
31854,207.576543850545,24.7090509055145,138.194159700477,76
31929,0,0,0,80
31967,212.992545260916,18.4509382973178,7.88463212610375,72
31968,212.992545260916,27.7844323129173,9.47907453480556,94
31991,108.371714982389,101.810941034613,18.5764707016865,87
32029,278.357689631176,29.6760576732899,33.1711492136441,90
32060,207.576543850545,1.60982183970407,143.017925350959,85
32252,0,0,0,86
32268,197.530864197531,61.3908226050436,8.72095073421178,77
32382,401.606425702811,52.3679312780212,16.8570301724052,70
32484,212.992545260916,17.9020823898322,47.2188104732359,100
32531,0,0,0,85
32566,349.956255468066,21.1793599070626,24.5516472183626,79
32627,298.730395817774,88.2640813081748,15.1302432811813,83
32648,42.4448217317487,42.3301087485744,42.4439584995573,79
32669,168.918918918919,12.303151126387,166.212049321255,99
32699,224.719101123595,257.944264976037,20.0821048386604,81
32735,38.6286817962336,38.6286794408246,38.6226831480928,73
32855,212.992545260916,13.6961138628847,172.968690803894,76
32859,197.530864197531,197.285964641065,119.667775892571,73
32903,288.184438040346,28.9742888137269,82.2936041574129,77
32928,202.429149797571,14.1865862464583,83.2985143981742,99
32960,269.179004037685,27.6466940775334,72.5307428930838,90
33019,25.0156347717323,25.0142233946198,25.0160115996968,91
33050,401.606425702811,50.2393174483635,5.17937952077671,98
33218,244.947948560931,193.791956745058,77.4762608284962,93
33267,69.5773177943989,69.5746387237102,32.1406592839684,88
33298,401.606425702811,70.9333875044343,11.6335734792434,71
33309,298.730395817774,16.2297766921516,18.9490948304656,98
33343,224.719101123595,76.9768306510358,162.234331331741,79
33391,0,0,0,80
33398,0,0,0,89
33440,207.576543850545,14.0040532791724,206.147848430935,93
33543,13.9943322954203,13.9943211239782,13.9943034285508,78
33680,422.386483632524,66.0522260948006,9.36360803677013,98
33701,28.7108814240597,28.7108505459691,28.7108315279928,84
33729,278.357689631176,58.7700456878727,17.054816454955,81
33745,310.077519379845,35.1742215035694,309.905827411696,91
33859,224.719101123595,199.937878998539,223.592040703815,94
33934,260.586319218241,232.314361839769,122.776126905121,75
33937,237.812128418549,237.808082027826,158.317074230737,100
33965,188.412623645784,22.8572001603452,7.12451580727523,85
33972,162.20600162206,12.348705120726,12.3067301357858,87
34014,156.00624024961,24.193476166271,14.2737040275681,71
34041,231.08030040439,229.783382648166,206.617168995037,85
34095,0,0,0,80
34108,224.719101123595,21.4877363807132,193.987652498062,95
34247,335.570469798658,25.2611664169159,26.4870077171985,75
34356,22.7816379997721,22.7812600955881,22.7816300544254,75
34431,252.525252525252,20.6975174304399,21.2133043304005,75
34444,212.992545260916,8.88269924878804,14.7013976593819,99
34461,224.719101123595,110.640021190746,222.180752860768,79
34487,23.6392648188641,23.6391633086723,23.6392603061994,79
34541,237.812128418549,237.265159341189,32.2056010809032,94
34665,422.386483632524,35.0109912491155,63.7151177767024,80
34748,218.698742482231,128.641815173825,32.8673197189582,79
34751,298.730395817774,19.6675997445299,19.2341713698348,88
34823,23.7079184447605,23.7079179120017,23.7079181977549,92
34872,212.992545260916,204.725466559199,129.985554518506,100
34875,298.730395817774,20.4837848408276,17.2115871294653,85
34917,31.0005425094939,31.0004795431075,31.0004983235835,79
35058,231.08030040439,215.664747993473,190.298871604531,92
35230,322.32070910556,28.0543952131501,24.2099996398571,94
35294,23.4356690883524,23.435669087946,23.4356690620829,92
35313,252.525252525252,120.400747386749,188.721161597745,80
35335,278.357689631176,257.871954078549,17.1600910934283,82
35400,269.179004037685,222.514302818562,37.970267918656,82
35561,278.357689631176,274.807704410551,3.36194497151274,79
35589,85.6347677156925,85.6333896909552,85.5857703972069,78
35710,0,0,0,93
35800,224.719101123595,192.700093867679,222.049734460801,80
35823,322.32070910556,46.2065825449047,88.7873389587421,76
35839,288.184438040346,287.399962331867,10.1190932392105,74
35880,322.32070910556,30.6767488809429,15.3713994289572,94
35907,0,0,0,97
35925,269.179004037685,105.493308929682,27.9689834928915,99
35955,298.730395817774,125.534762153784,35.8345044540833,86
36041,422.386483632524,50.8057507867406,47.2963184112988,98
36111,34.986442753433,34.9863012645898,34.9864337511731,99
36145,335.570469798658,25.7498719845626,68.1625092033769,96
36237,278.357689631176,1696.09627515634,13.2967037945332,72
36244,244.947948560931,237.640616972102,237.126793187421,95
36283,144.927536231884,114.986548028828,3.18105314541359,97
36458,46.8274408803558,46.8256657614906,46.8199576516924,73
36467,224.719101123595,241.939924758296,65.5078724435917,100
36502,156.00624024961,1.97392690942365,4.24432059902225,98
36564,197.530864197531,195.836715728465,142.045907441953,71
36594,260.586319218241,245.635914779252,21.4308759151515,93
36639,25.8064516129032,25.8064491239086,25.8057467089147,79
36641,202.429149797571,182.386246254572,185.684769551952,76
36656,260.586319218241,54.5467661871988,221.847184553969,80
36676,25.4048904414099,25.4048610003238,25.4048776562251,97
36707,153.080750095675,4.94258611185313,7.26111024004615,73
36714,298.730395817774,31.2084278715677,17.3804353164331,80
36729,108.371714982389,106.120951612504,106.508697230184,89
36808,32.4807145757206,32.480665426803,32.4806300178949,74
36811,218.698742482231,48.3592125054762,110.390942582131,73
36812,288.184438040346,66.268392628101,76.2799978574585,74
36831,269.179004037685,265.117591814816,13.0391338383344,85
37083,224.719101123595,262.59700518814,16.3629035375001,85
37084,322.32070910556,35.6359381454582,23.4856568073295,100
37085,335.570469798658,27.7572919997906,31.4569086259679,100
37157,365.63071297989,37.1076719820749,8.54700648250167,92
37175,269.179004037685,167.402327217352,256.325609570458,87
37184,260.586319218241,28.5488783037809,258.962225095545,100
37190,269.179004037685,273.136569378767,172.563008490957,82
37227,252.525252525252,241.255302652261,87.6724405774968,74
37230,197.530864197531,193.971695770567,20.1647288061436,71
37239,278.357689631176,55.1363008378131,278.357224458882,70
37242,322.32070910556,43.8484014605356,19.1993293467979,85
37278,288.184438040346,162.864357710095,176.745710335451,100
37279,0,0,0,82
37318,322.32070910556,31.8893896627717,311.383859320545,88
37326,156.00624024961,20.8253502765404,88.8718507017635,86
37540,365.63071297989,78.2217262504717,221.113385999532,86
37862,212.992545260916,212.121427373463,213.195759139177,85
37880,0,0,0,83
38053,244.947948560931,215.971109449634,132.766697964073,73
38057,207.576543850545,8.25211902500399,67.4686747918769,90
38069,224.719101123595,192.700668182535,23.1347829973637,98
38160,93.4797849964944,92.5183347820784,92.7695442989317,99
38210,335.570469798658,884.144667158072,33.4576510326066,94
38271,192.864030858245,105.188025076143,14.5892852144588,92
38316,202.429149797571,177.233680277553,182.478912936246,87
38318,288.184438040346,27.525737374769,20.2311603171704,70
38319,41.7929161007209,41.7853713854419,41.792848632605,88
38331,288.184438040346,201.120104970008,53.2134996921948,87
38373,14.8334940295186,14.8334856382965,14.8334937742055,93
38388,212.992545260916,162.232029769262,24.706896992415,88
38413,288.184438040346,159.470465879859,13.3346940670182,92
38455,26.2209111766633,26.2208746409613,26.2207250841821,96
38503,278.357689631176,11.5417724930776,28.4243992486637,99
38600,298.730395817774,118.360579501535,103.22863834928,79
38614,81.3669650122049,80.0618064731185,16.0740802185428,93
38658,260.586319218241,171.477176727476,181.327083893959,100
38684,224.719101123595,748.288012009481,219.757282327253,98
38699,224.719101123595,81.4567154606099,174.466629011069,93
38777,144.927536231884,79.2410401213806,133.768394241335,98
38793,202.429149797571,64.6477730016706,65.9897602982858,93
38798,382.775119617225,12.4089194651179,10.4044988717571,83
38903,278.357689631176,61.8489865202385,22.5776729213608,80
38914,224.719101123595,226.071027341342,222.177168719441,89
38937,117.750956726523,115.224472490938,69.1545204460124,90
39027,224.719101123595,224.710251948135,42.8051956398394,76
39048,0,0,0,77
39072,126.903553299492,123.070127003548,120.495773114391,78
39144,237.812128418549,237.676930203952,111.866351672435,82
